{"суми": [50.9119775, 34.8027723], "харків, Харьковская область": [49.9923181, 36.2310146], "краматорськ": [48.7389415, 37.5843812]}